{
    "$schema": "https://schema.management.azure.com/schemas/2019-04-01/deploymentTemplate.json#",
    "contentVersion": "1.0.0.0",
    "metadata":{
        "comments": "This playbook will post send a message in a Office 365 when a new recommendation is created in Azure Security Center.",
        "author": "Nicholas DiCola"
    },
    "parameters": {
        "PlaybookName": {
            "defaultValue": "Post-SlackMessageRecommendation",
            "type": "String"
        },
        "UserName": {
            "defaultValue": "<username>@<domain>",
            "type": "string"
        },
        "SendEmailTo": {
            "defaultValue": "<sendtoemail>@<domain>",
            "type": "string"
        }
    },
    "variables": {
        "ASCAssessmentConnectionName": "[concat('ascassessment-', parameters('PlaybookName'))]",
        "Office365ConnectionName": "[concat('office365-', parameters('PlaybookName'))]"
    },
    "resources": [
        {
            "type": "Microsoft.Web/connections",
            "apiVersion": "2016-06-01",
            "name": "[variables('ASCAssessmentConnectionName')]",
            "location": "[resourceGroup().location]",
            "properties": {
                "displayName": "[parameters('UserName')]",
                "customParameterValues": {},
                "api": {
                    "id": "[concat('/subscriptions/', subscription().subscriptionId, '/providers/Microsoft.Web/locations/', resourceGroup().location, '/managedApis/ascassessment')]"
                }
            }
        },
        {
            "type": "Microsoft.Web/connections",
            "apiVersion": "2016-06-01",
            "name": "[variables('Office365ConnectionName')]",
            "location": "[resourceGroup().location]",
            "properties": {
                "displayName": "[parameters('UserName')]",
                "customParameterValues": {},
                "api": {
                    "id": "[concat('/subscriptions/', subscription().subscriptionId, '/providers/Microsoft.Web/locations/', resourceGroup().location, '/managedApis/office365')]"
                }
            }
        },
        {
            "type": "Microsoft.Logic/workflows",
            "apiVersion": "2019-05-01",
            "name": "[parameters('PlaybookName')]",
            "location": "[resourceGroup().location]",
            "tags": {
                "LogicAppsCategory": "security"
            },
            "dependsOn": [
                "[resourceId('Microsoft.Web/connections', variables('ASCAssessmentConnectionName'))]",
                "[resourceId('Microsoft.Web/connections', variables('Office365ConnectionName'))]"
            ],
            "properties": {
                "state": "Enabled",
                "definition": {
                    "$schema": "https://schema.management.azure.com/providers/Microsoft.Logic/schemas/2016-06-01/workflowdefinition.json#",
                    "contentVersion": "1.0.0.0",
                    "parameters": {
                        "$connections": {
                            "defaultValue": {},
                            "type": "Object"
                        }
                    },
                    "triggers": {
                        "When_an_Azure_Security_Center_Recommendation_is_created_or_triggered": {
                            "type": "ApiConnectionWebhook",
                            "inputs": {
                                "body": {
                                    "callback_url": "@{listCallbackUrl()}"
                                },
                                "host": {
                                    "connection": {
                                        "name": "@parameters('$connections')['ascassessment']['connectionId']"
                                    }
                                },
                                "path": "/Microsoft.Security/Assessment/subscribe"
                            }
                        }
                    },
                    "actions": {
                        "Send_an_email_(V2)": {
                            "runAfter": {},
                            "type": "ApiConnection",
                            "inputs": {
                                "body": {
                                    "Body": "<p>Recommendation Name: @{triggerBody()?['properties']?['displayName']}<br>\nDescription: @{triggerBody()?['properties']?['metadata']?['description']}<br>\nResouceId: @{triggerBody()?['properties']?['resourceDetails']?['id']}<br>\nDirect Link: @{triggerBody()?['properties']?['links']?['azurePortal']}</p>",
                                    "Subject": "New ASC  @{triggerBody()?['properties']?['status']?['code']} Recommendation",
                                    "To": "[parameters('SendEmailTo')]"
                                },
                                "host": {
                                    "connection": {
                                        "name": "@parameters('$connections')['office365_1']['connectionId']"
                                    }
                                },
                                "method": "post",
                                "path": "/v2/Mail"
                            }
                        }
                    },
                    "outputs": {}
                },
                "parameters": {
                    "$connections": {
                        "value": {
                            "ascassessment": {
                                "connectionId": "[resourceId('Microsoft.Web/connections', variables('ASCAssessmentConnectionName'))]",
                                "connectionName": "[variables('ASCAssessmentConnectionName')]",
                                "id": "[concat('/subscriptions/', subscription().subscriptionId, '/providers/Microsoft.Web/locations/', resourceGroup().location, '/managedApis/ascassessment')]"
                            },
                            "slack": {
                                "connectionId": "[resourceId('Microsoft.Web/connections', variables('Office365ConnectionName'))]",
                                "connectionName": "[variables('Office365ConnectionName')]",
                                "id": "[concat('/subscriptions/', subscription().subscriptionId, '/providers/Microsoft.Web/locations/', resourceGroup().location, '/managedApis/office365')]"
                            }
                        }
                    }
                }
            }
        }
    ]
}
